Bilet FiyatÄ±,Rezervasyon Bilgisi
500,UcakBiletRezervasyonProgrami.Rezervasyon
500,UcakBiletRezervasyonProgrami.Rezervasyon
500,UcakBiletRezervasyonProgrami.Rezervasyon
500,UcakBiletRezervasyonProgrami.Rezervasyon
500,UcakBiletRezervasyonProgrami.Rezervasyon
500,UcakBiletRezervasyonProgrami.Rezervasyon
500,UcakBiletRezervasyonProgrami.Rezervasyon
500,UcakBiletRezervasyonProgrami.Rezervasyon
500,UcakBiletRezervasyonProgrami.Rezervasyon
500,UcakBiletRezervasyonProgrami.Rezervasyon
500,UcakBiletRezervasyonProgrami.Rezervasyon
500,UcakBiletRezervasyonProgrami.Rezervasyon
